seed,method,checkpoint_epoch,violations,wall_s,converged,compile_s,total_elapsed_s
98540,analytical_IBP,5000,119920,108.429,,,
98540,analytical_IBP,6000,106264,155.059,,,
98540,analytical_IBP,7000,68112,183.046,,,
98540,analytical_IBP,8000,47424,207.329,,,
98540,analytical_IBP,9000,19617,227.457,,,
98540,analytical_IBP,10000,4421,245.376,,,
98540,analytical_IBP,11000,2245,261.847,,,
98540,analytical_IBP,12000,4691,277.118,,,
98540,analytical_IBP,13000,6299,293.282,,,
98540,analytical_IBP,14000,4114,308.731,,,
98540,analytical_IBP,15000,2999,323.812,,,
98540,analytical_IBP,16000,5018,339.736,,,
98540,analytical_IBP,18000,3826,367.566,,,
98540,analytical_IBP,20000,5003,395.455,,,
98540,analytical_IBP,20000,,,False,0.322,396.7
98540,DJ_IBP,5000,25670,69.923,,,
98540,DJ_IBP,6000,17920,84.631,,,
98540,DJ_IBP,7000,16656,99.632,,,
98540,DJ_IBP,8000,10258,114.208,,,
98540,DJ_IBP,9000,6051,128.171,,,
98540,DJ_IBP,10000,2615,142.156,,,
98540,DJ_IBP,11000,1602,155.890,,,
98540,DJ_IBP,12000,236,169.776,,,
98540,DJ_IBP,13000,766,183.681,,,
98540,DJ_IBP,14000,1983,197.379,,,
98540,DJ_IBP,15000,496,211.168,,,
98540,DJ_IBP,16000,79,225.548,,,
98540,DJ_IBP,18000,356,251.983,,,
98540,DJ_IBP,20000,923,277.967,,,
98540,DJ_IBP,20000,,,False,2.734,278.1
98540,hardcoded_IBP,5000,63146,65.112,,,
98540,hardcoded_IBP,6000,47778,80.818,,,
98540,hardcoded_IBP,7000,26636,95.685,,,
98540,hardcoded_IBP,8000,19813,110.278,,,
98540,hardcoded_IBP,9000,4020,123.570,,,
98540,hardcoded_IBP,10000,284,136.565,,,
98540,hardcoded_IBP,11000,0,149.151,,,
98540,hardcoded_IBP,10999,,,True,0.000,149.2
98540,DJ_CROWN-IBP,5000,403,77.840,,,
98540,DJ_CROWN-IBP,6000,361,110.877,,,
98540,DJ_CROWN-IBP,7000,287,127.327,,,
98540,DJ_CROWN-IBP,8000,4,143.740,,,
98540,DJ_CROWN-IBP,9000,638,159.777,,,
98540,DJ_CROWN-IBP,10000,0,175.654,,,
98540,DJ_CROWN-IBP,9999,,,True,2.553,175.7
98540,analytical_CROWN-IBP,5000,34708,119.447,,,
98540,analytical_CROWN-IBP,6000,11873,194.992,,,
98540,analytical_CROWN-IBP,7000,5476,229.800,,,
98540,analytical_CROWN-IBP,8000,108,252.679,,,
98540,analytical_CROWN-IBP,9000,441,270.520,,,
98540,analytical_CROWN-IBP,10000,0,286.704,,,
98540,analytical_CROWN-IBP,9999,,,True,0.423,286.7
77709,analytical_IBP,2000,208479,110.559,,,
77709,analytical_IBP,3000,169676,198.833,,,
77709,analytical_IBP,4000,144616,261.702,,,
77709,analytical_IBP,5000,118851,293.599,,,
77709,analytical_IBP,6000,50826,320.095,,,
77709,analytical_IBP,7000,23187,342.022,,,
77709,analytical_IBP,8000,19258,361.668,,,
77709,analytical_IBP,9000,6718,379.272,,,
77709,analytical_IBP,10000,9511,396.406,,,
77709,analytical_IBP,11000,4614,412.321,,,
77709,analytical_IBP,12000,3904,427.851,,,
77709,analytical_IBP,13000,4213,443.701,,,
77709,analytical_IBP,14000,6201,459.565,,,
77709,analytical_IBP,16000,4014,487.422,,,
77709,analytical_IBP,17000,2492,502.642,,,
77709,analytical_IBP,18000,6637,518.259,,,
77709,analytical_IBP,19000,4657,533.933,,,
77709,analytical_IBP,20000,5248,549.473,,,
77709,analytical_IBP,20000,,,False,0.528,549.5
77709,DJ_IBP,2000,54855,32.324,,,
77709,DJ_IBP,3000,39965,47.956,,,
77709,DJ_IBP,4000,24499,63.025,,,
77709,DJ_IBP,5000,18495,77.669,,,
77709,DJ_IBP,6000,11537,91.936,,,
77709,DJ_IBP,7000,5336,105.279,,,
77709,DJ_IBP,8000,5371,118.878,,,
77709,DJ_IBP,9000,4197,133.662,,,
77709,DJ_IBP,10000,3841,147.606,,,
77709,DJ_IBP,11000,951,161.343,,,
77709,DJ_IBP,12000,37,175.454,,,
77709,DJ_IBP,13000,0,189.714,,,
77709,DJ_IBP,12999,,,True,2.515,189.7
77709,hardcoded_IBP,2000,118620,31.500,,,
77709,hardcoded_IBP,3000,98754,49.017,,,
77709,hardcoded_IBP,4000,77922,66.336,,,
77709,hardcoded_IBP,5000,44307,82.926,,,
77709,hardcoded_IBP,6000,11966,98.122,,,
77709,hardcoded_IBP,7000,2165,112.599,,,
77709,hardcoded_IBP,8000,1172,126.381,,,
77709,hardcoded_IBP,9000,9,139.642,,,
77709,hardcoded_IBP,10000,0,153.088,,,
77709,hardcoded_IBP,9999,,,True,0.000,153.1
77709,DJ_CROWN-IBP,2000,8481,35.479,,,
77709,DJ_CROWN-IBP,3000,3034,53.635,,,
77709,DJ_CROWN-IBP,4000,2381,70.230,,,
77709,DJ_CROWN-IBP,5000,922,86.979,,,
77709,DJ_CROWN-IBP,6000,208,102.763,,,
77709,DJ_CROWN-IBP,7000,0,118.311,,,
77709,DJ_CROWN-IBP,6999,,,True,2.910,118.3
77709,analytical_CROWN-IBP,2000,88440,89.371,,,
77709,analytical_CROWN-IBP,3000,67978,218.968,,,
77709,analytical_CROWN-IBP,4000,43560,330.002,,,
77709,analytical_CROWN-IBP,5000,13738,428.156,,,
77709,analytical_CROWN-IBP,6000,894,467.427,,,
77709,analytical_CROWN-IBP,7000,139,488.540,,,
77709,analytical_CROWN-IBP,8000,108,507.797,,,
77709,analytical_CROWN-IBP,9000,0,526.311,,,
77709,analytical_CROWN-IBP,8999,,,True,0.286,527.9
5193,analytical_IBP,3000,215833,152.862,,,
5193,analytical_IBP,13000,77193,356.335,,,
5193,analytical_IBP,15000,63995,414.322,,,
5193,analytical_IBP,16000,46969,439.360,,,
5193,analytical_IBP,19000,18666,497.563,,,
5193,analytical_IBP,20000,25922,533.087,,,
5193,analytical_IBP,20000,,,False,0.489,533.1
5193,DJ_IBP,3000,96757,58.931,,,
5193,DJ_IBP,13000,16963,208.989,,,
5193,DJ_IBP,15000,6633,236.822,,,
5193,DJ_IBP,16000,6863,251.849,,,
5193,DJ_IBP,19000,4585,294.200,,,
5193,DJ_IBP,20000,4528,308.640,,,
5193,DJ_IBP,20000,,,False,2.890,308.6
5193,hardcoded_IBP,3000,163752,53.343,,,
5193,hardcoded_IBP,13000,43108,186.426,,,
5193,hardcoded_IBP,15000,21763,212.960,,,
5193,hardcoded_IBP,16000,8035,227.664,,,
5193,hardcoded_IBP,19000,2869,269.297,,,
5193,hardcoded_IBP,20000,1822,284.909,,,
5193,hardcoded_IBP,20000,,,False,0.000,284.9
5193,DJ_CROWN-IBP,3000,32958,81.417,,,
5193,DJ_CROWN-IBP,13000,1721,223.439,,,
5193,DJ_CROWN-IBP,15000,0,254.179,,,
5193,DJ_CROWN-IBP,14999,,,True,2.702,254.2
5193,analytical_CROWN-IBP,3000,121636,126.309,,,
5193,analytical_CROWN-IBP,13000,24695,243.176,,,
5193,analytical_CROWN-IBP,15000,5331,270.899,,,
5193,analytical_CROWN-IBP,16000,2143,285.248,,,
5193,analytical_CROWN-IBP,19000,0,315.546,,,
5193,analytical_CROWN-IBP,18999,,,True,0.208,317.1
98048,analytical_IBP,3000,128537,39.111,,,
98048,analytical_IBP,4000,98293,58.421,,,
98048,analytical_IBP,5000,68305,77.731,,,
98048,analytical_IBP,6000,61322,97.250,,,
98048,analytical_IBP,7000,21565,114.036,,,
98048,analytical_IBP,8000,10618,127.627,,,
98048,analytical_IBP,9000,5579,139.545,,,
98048,analytical_IBP,10000,3266,152.225,,,
98048,analytical_IBP,12000,8163,190.794,,,
98048,analytical_IBP,14000,2723,224.947,,,
98048,analytical_IBP,17000,7129,260.751,,,
98048,analytical_IBP,18000,5727,274.606,,,
98048,analytical_IBP,20000,5562,300.153,,,
98048,analytical_IBP,20000,,,False,0.440,300.2
98048,DJ_IBP,3000,36759,37.402,,,
98048,DJ_IBP,4000,31605,51.776,,,
98048,DJ_IBP,5000,20891,65.546,,,
98048,DJ_IBP,6000,8099,79.036,,,
98048,DJ_IBP,7000,2863,93.030,,,
98048,DJ_IBP,8000,2400,105.664,,,
98048,DJ_IBP,9000,2640,118.634,,,
98048,DJ_IBP,10000,2944,130.122,,,
98048,DJ_IBP,12000,1736,152.998,,,
98048,DJ_IBP,14000,7694,173.920,,,
98048,DJ_IBP,17000,8320,202.854,,,
98048,DJ_IBP,18000,10089,213.732,,,
98048,DJ_IBP,20000,14494,233.396,,,
98048,DJ_IBP,20000,,,False,2.949,233.4
98048,hardcoded_IBP,3000,66692,31.553,,,
98048,hardcoded_IBP,4000,48854,44.065,,,
98048,hardcoded_IBP,5000,37032,56.105,,,
98048,hardcoded_IBP,6000,25273,68.638,,,
98048,hardcoded_IBP,7000,482,80.203,,,
98048,hardcoded_IBP,8000,0,91.551,,,
98048,hardcoded_IBP,7999,,,True,0.000,91.6
98048,DJ_CROWN-IBP,3000,2672,36.593,,,
98048,DJ_CROWN-IBP,4000,2378,49.538,,,
98048,DJ_CROWN-IBP,5000,1092,61.791,,,
98048,DJ_CROWN-IBP,6000,0,73.528,,,
98048,DJ_CROWN-IBP,5999,,,True,2.608,73.5
98048,analytical_CROWN-IBP,3000,48543,76.386,,,
98048,analytical_CROWN-IBP,4000,32013,114.236,,,
98048,analytical_CROWN-IBP,5000,13981,134.107,,,
98048,analytical_CROWN-IBP,6000,2974,149.904,,,
98048,analytical_CROWN-IBP,7000,0,162.779,,,
98048,analytical_CROWN-IBP,6999,,,True,0.390,162.8
50058,analytical_IBP,1000,237835,127.183,,,
50058,analytical_IBP,2000,204944,228.317,,,
50058,analytical_IBP,3000,152431,311.415,,,
50058,analytical_IBP,4000,130382,364.088,,,
50058,analytical_IBP,6000,72797,404.377,,,
50058,analytical_IBP,8000,29250,430.474,,,
50058,analytical_IBP,9000,27433,445.322,,,
50058,analytical_IBP,10000,10135,459.871,,,
50058,analytical_IBP,11000,13964,473.074,,,
50058,analytical_IBP,12000,8958,485.806,,,
50058,analytical_IBP,13000,3984,497.661,,,
50058,analytical_IBP,14000,2302,508.975,,,
50058,analytical_IBP,15000,3674,520.018,,,
50058,analytical_IBP,16000,4975,530.764,,,
50058,analytical_IBP,17000,3454,541.762,,,
50058,analytical_IBP,18000,2541,552.428,,,
50058,analytical_IBP,19000,1667,563.176,,,
50058,analytical_IBP,20000,2452,574.602,,,
50058,analytical_IBP,20000,,,False,0.397,574.6
50058,DJ_IBP,1000,130170,18.527,,,
50058,DJ_IBP,2000,111977,33.376,,,
50058,DJ_IBP,3000,23016,44.435,,,
50058,DJ_IBP,4000,25188,55.439,,,
50058,DJ_IBP,6000,7087,74.251,,,
50058,DJ_IBP,8000,4598,93.037,,,
50058,DJ_IBP,9000,4756,102.966,,,
50058,DJ_IBP,10000,2719,112.828,,,
50058,DJ_IBP,11000,4019,122.639,,,
50058,DJ_IBP,12000,896,132.426,,,
50058,DJ_IBP,13000,160,142.420,,,
50058,DJ_IBP,14000,0,152.134,,,
50058,DJ_IBP,13999,,,True,2.288,152.1
50058,hardcoded_IBP,1000,206260,16.485,,,
50058,hardcoded_IBP,2000,157185,31.063,,,
50058,hardcoded_IBP,3000,84825,44.026,,,
50058,hardcoded_IBP,4000,67583,56.903,,,
50058,hardcoded_IBP,6000,15470,77.075,,,
50058,hardcoded_IBP,8000,4872,96.166,,,
50058,hardcoded_IBP,9000,6010,106.244,,,
50058,hardcoded_IBP,10000,507,116.181,,,
50058,hardcoded_IBP,11000,608,125.905,,,
50058,hardcoded_IBP,12000,307,135.433,,,
50058,hardcoded_IBP,13000,0,144.805,,,
50058,hardcoded_IBP,12999,,,True,0.000,144.8
50058,DJ_CROWN-IBP,1000,71801,72.148,,,
50058,DJ_CROWN-IBP,2000,39453,196.146,,,
50058,DJ_CROWN-IBP,3000,1380,221.400,,,
50058,DJ_CROWN-IBP,4000,3775,237.084,,,
50058,DJ_CROWN-IBP,6000,405,258.284,,,
50058,DJ_CROWN-IBP,8000,0,279.295,,,
50058,DJ_CROWN-IBP,7999,,,True,2.225,279.4
89257,DJ_IBP,3000,38368,36.972,,,
89257,DJ_IBP,4000,30272,52.138,,,
89257,DJ_IBP,6000,15929,75.634,,,
89257,DJ_IBP,8000,13925,100.697,,,
89257,DJ_IBP,9000,12333,113.585,,,
89257,DJ_IBP,11000,3253,136.498,,,
89257,DJ_IBP,13000,2473,160.803,,,
89257,DJ_IBP,14000,2391,171.945,,,
89257,DJ_IBP,15000,1909,182.999,,,
89257,DJ_IBP,16000,431,195.992,,,
89257,DJ_IBP,17000,6,207.405,,,
89257,DJ_IBP,18000,0,221.052,,,
89257,DJ_IBP,17999,,,True,2.222,222.8
89257,hardcoded_IBP,3000,110363,43.096,,,
89257,hardcoded_IBP,4000,79844,61.732,,,
89257,hardcoded_IBP,6000,38728,95.745,,,
89257,hardcoded_IBP,8000,19680,121.979,,,
89257,hardcoded_IBP,9000,18545,134.793,,,
89257,hardcoded_IBP,11000,178,155.555,,,
89257,hardcoded_IBP,13000,433,178.008,,,
89257,hardcoded_IBP,14000,0,187.904,,,
89257,hardcoded_IBP,13999,,,True,0.000,187.9
89257,DJ_CROWN-IBP,3000,3435,40.096,,,
89257,DJ_CROWN-IBP,4000,3006,55.703,,,
89257,DJ_CROWN-IBP,6000,380,79.968,,,
89257,DJ_CROWN-IBP,8000,27,104.996,,,
89257,DJ_CROWN-IBP,9000,0,118.684,,,
89257,DJ_CROWN-IBP,8999,,,True,2.229,118.7
72174,DJ_IBP,1000,124743,29.914,,,
72174,DJ_IBP,2000,141112,48.795,,,
72174,DJ_IBP,4000,38249,69.379,,,
72174,DJ_IBP,5000,32586,80.736,,,
72174,DJ_IBP,6000,21580,91.370,,,
72174,DJ_IBP,7000,16910,101.642,,,
72174,DJ_IBP,8000,16688,111.828,,,
72174,DJ_IBP,9000,5874,124.063,,,
72174,DJ_IBP,10000,4140,137.213,,,
72174,DJ_IBP,11000,3521,149.024,,,
72174,DJ_IBP,12000,2968,162.600,,,
72174,DJ_IBP,13000,559,176.128,,,
72174,DJ_IBP,14000,851,190.220,,,
72174,DJ_IBP,15000,0,203.696,,,
72174,DJ_IBP,14999,,,True,2.234,203.7
72174,hardcoded_IBP,1000,137578,16.964,,,
72174,hardcoded_IBP,2000,156136,34.230,,,
72174,hardcoded_IBP,4000,85322,60.277,,,
72174,hardcoded_IBP,5000,77918,76.545,,,
72174,hardcoded_IBP,6000,53673,91.687,,,
72174,hardcoded_IBP,7000,45541,106.745,,,
72174,hardcoded_IBP,8000,29652,118.465,,,
72174,hardcoded_IBP,9000,15823,130.408,,,
72174,hardcoded_IBP,10000,5235,143.656,,,
72174,hardcoded_IBP,11000,4258,156.145,,,
72174,hardcoded_IBP,12000,228,168.228,,,
72174,hardcoded_IBP,13000,230,180.056,,,
72174,hardcoded_IBP,14000,0,190.446,,,
72174,hardcoded_IBP,13999,,,True,0.000,190.4
72174,DJ_CROWN-IBP,1000,85855,121.772,,,
72174,DJ_CROWN-IBP,2000,103077,302.472,,,
72174,DJ_CROWN-IBP,4000,6477,367.122,,,
72174,DJ_CROWN-IBP,5000,4295,387.677,,,
72174,DJ_CROWN-IBP,6000,684,402.990,,,
72174,DJ_CROWN-IBP,7000,432,417.016,,,
72174,DJ_CROWN-IBP,8000,1210,429.895,,,
72174,DJ_CROWN-IBP,9000,100,442.168,,,
72174,DJ_CROWN-IBP,10000,39,455.711,,,
72174,DJ_CROWN-IBP,11000,0,468.712,,,
72174,DJ_CROWN-IBP,10999,,,True,2.415,468.7
95817,DJ_IBP,10000,4067,121.010,,,
95817,DJ_IBP,11000,2584,132.766,,,
95817,DJ_IBP,12000,1437,145.001,,,
95817,DJ_IBP,13000,4285,157.256,,,
95817,DJ_IBP,14000,4718,169.558,,,
95817,DJ_IBP,15000,5778,181.884,,,
95817,DJ_IBP,16000,5919,194.816,,,
95817,DJ_IBP,17000,3784,207.161,,,
95817,DJ_IBP,19000,6822,231.540,,,
95817,DJ_IBP,20000,8602,244.683,,,
95817,DJ_IBP,20000,,,False,2.768,244.7
95817,hardcoded_IBP,10000,0,112.664,,,
95817,hardcoded_IBP,9999,,,True,0.000,112.7
95817,DJ_CROWN-IBP,10000,0,119.254,,,
95817,DJ_CROWN-IBP,9999,,,True,3.650,119.3
44567,DJ_IBP,5000,33833,66.619,,,
44567,DJ_IBP,6000,27548,84.297,,,
44567,DJ_IBP,7000,18109,97.969,,,
44567,DJ_IBP,8000,12779,112.063,,,
44567,DJ_IBP,9000,9604,126.287,,,
44567,DJ_IBP,10000,5885,140.191,,,
44567,DJ_IBP,11000,3847,153.622,,,
44567,DJ_IBP,12000,3506,165.103,,,
44567,DJ_IBP,13000,4507,176.540,,,
44567,DJ_IBP,14000,1824,187.826,,,
44567,DJ_IBP,15000,2276,199.256,,,
44567,DJ_IBP,16000,2337,210.635,,,
44567,DJ_IBP,17000,922,221.665,,,
44567,DJ_IBP,18000,585,234.730,,,
44567,DJ_IBP,19000,3732,246.378,,,
44567,DJ_IBP,20000,1479,257.579,,,
44567,DJ_IBP,20000,,,False,2.928,257.6
44567,hardcoded_IBP,5000,77379,56.730,,,
44567,hardcoded_IBP,6000,62404,71.550,,,
44567,hardcoded_IBP,7000,39575,85.282,,,
44567,hardcoded_IBP,8000,39002,98.693,,,
44567,hardcoded_IBP,9000,15257,111.087,,,
44567,hardcoded_IBP,10000,8523,125.144,,,
44567,hardcoded_IBP,11000,241,137.621,,,
44567,hardcoded_IBP,12000,2,148.551,,,
44567,hardcoded_IBP,13000,943,159.114,,,
44567,hardcoded_IBP,14000,0,169.259,,,
44567,hardcoded_IBP,13999,,,True,0.000,169.3
44567,DJ_CROWN-IBP,5000,4956,56.270,,,
44567,DJ_CROWN-IBP,6000,2308,70.256,,,
44567,DJ_CROWN-IBP,7000,325,83.513,,,
44567,DJ_CROWN-IBP,8000,0,96.435,,,
44567,DJ_CROWN-IBP,7999,,,True,2.378,96.4
31020,DJ_IBP,6000,26265,62.074,,,
31020,DJ_IBP,7000,14445,73.522,,,
31020,DJ_IBP,8000,17062,85.332,,,
31020,DJ_IBP,9000,6749,96.431,,,
31020,DJ_IBP,10000,5792,107.466,,,
31020,DJ_IBP,11000,3100,118.735,,,
31020,DJ_IBP,12000,778,129.573,,,
31020,DJ_IBP,13000,195,140.898,,,
31020,DJ_IBP,14000,469,151.799,,,
31020,DJ_IBP,15000,34,162.186,,,
31020,DJ_IBP,16000,0,172.488,,,
31020,DJ_IBP,15999,,,True,2.348,172.5
31020,hardcoded_IBP,6000,77045,61.977,,,
31020,hardcoded_IBP,7000,44610,75.248,,,
31020,hardcoded_IBP,8000,44848,87.952,,,
31020,hardcoded_IBP,9000,26015,100.306,,,
31020,hardcoded_IBP,10000,18980,112.206,,,
31020,hardcoded_IBP,11000,17538,123.837,,,
31020,hardcoded_IBP,12000,6623,134.833,,,
31020,hardcoded_IBP,13000,3653,145.773,,,
31020,hardcoded_IBP,14000,382,158.777,,,
31020,hardcoded_IBP,15000,57,171.669,,,
31020,hardcoded_IBP,16000,0,184.301,,,
31020,hardcoded_IBP,15999,,,True,0.000,184.3
31020,DJ_CROWN-IBP,6000,4868,66.502,,,
31020,DJ_CROWN-IBP,7000,873,79.516,,,
31020,DJ_CROWN-IBP,8000,5108,93.223,,,
31020,DJ_CROWN-IBP,9000,0,106.225,,,
31020,DJ_CROWN-IBP,8999,,,True,2.511,106.2
